{
  "general": {
    "rate": 8,
    "gripType": "cgm:bazooka",
    "maxAmmo": 5,
    "recoilAngle": 10.0,
    "recoilDurationOffset": 0.25,
    "projectileAmount": 15,
    "alwaysSpread": true,
    "spread": 17.0
  },
  "projectile": {
    "item": "scorchedguns:flechette_round",
    "visible": true,
    "damage": 12.0,
    "size": 0.2,
    "speed": 5.0,
    "life": 150
  },
  "sounds": {
    "fire": "cgm:item.shotgun.fire",
    "reload": "cgm:item.pistol.reload",
    "cock": "cgm:item.heavy_rifle.cock"
  },
  "display": {
    "flash": {
      "yOffset": 4.3,
      "zOffset": -8.01,
      "size": 2.0
    }
  },
  "modules": {
    "zoom": {
      "xOffset": 3.5,
      "yOffset": 4.3,
      "zOffset": 10.0,
      "fovModifier": 0.5
    }
  }
}