{
  "general": {
    "rate": 2,
    "auto": true,
    "gripType": "cgm:two_handed",
    "maxAmmo": 16,
    "reloadAmount": 16,
    "recoilAngle": 30.0,
    "recoilKick": 25.0,
    "recoilDurationOffset": 0.5,
    "recoilAdsReduction": 0.4,
    "alwaysSpread": true,
    "spread": 2.0
  },
  "projectile": {
    "item": "scorchedguns:heavy_bullet",
    "damage": 18.0,
    "size": 0.0625,
    "speed": 25.0,
    "life": 30,
    "gravity": true
  },
  "sounds": {
    "fire": "cgm:item.heavy_rifle.fire",
    "reload": "cgm:item.pistol.reload",
    "cock": "cgm:item.heavy_rifle.cock",
    "silencedFire": "cgm:item.heavy_rifle.silenced_fire",
    "enchantedFire": "cgm:item.heavy_rifle.enchanted_fire"
  },
  "display": {
    "flash": {
      "yOffset": 3.6,
      "zOffset": -9.41,
      "size": 1.0
    }
  },
  "modules": {
    "zoom": {
      "yOffset": 5.9,
      "zOffset": 2.0,
      "fovModifier": 0.6
    },
    "attachments": {
      "scope": {
        "yOffset": 5.0,
        "zOffset": 4.0
      }
    }
  }
}