{
  "general": {
    "rate": 8,
    "gripType": "cgm:one_handed",
    "maxAmmo": 6,
    "reloadAmount": 6,
    "recoilAngle": 5.0,
    "recoilKick": 0.4,
    "recoilAdsReduction": 0.5,
    "alwaysSpread": true,
    "spread": 1.0
  },
  "projectile": {
    "item": "scorchedguns:heavy_pig_round",
    "damage": 28,
    "size": 0.00625,
    "speed": 100.0,
    "life": 60,
    "gravity": false
  },
  "sounds": {
    "fire": "scorchedguns:item.heavy.fire",
    "reload": "cgm:item.pistol.reload",
    "cock": "cgm:item.rifle.cock",
    "silencedFire": "cgm:item.rifle.silenced_fire",
    "enchantedFire": "cgm:item.rifle.enchanted_fire"
  },
  "display": {
    "flash": {
      "yOffset": 4.7,
      "zOffset": -6.3
    }
  },
  "modules": {
    "zoom": {
      "yOffset": 6.9,
      "zOffset": -1.0,
      "fovModifier": 0.9
    },
    "attachments": {
      "scope": {
        "yOffset": 6.5,
        "zOffset": 6.2,
        "scale": 0.9
      },
      "barrel": {
        "yOffset": 5.5,
        "zOffset": -3.6,
        "scale": 0.38
      }
    }
  }
}