{
  "general": {
    "auto": true,
    "rate": 2,
    "gripType": "cgm:two_handed",
    "maxAmmo": 12,
    "reloadAmount":12,
    "recoilAngle": 15.0,
    "recoilKick": 15.0,
    "recoilAdsReduction": 0.5,
    "alwaysSpread": true,
    "spread": 13.0
  },
  "projectile": {
    "item": "cgm:shell",
    "damage": 22.0,
    "size": 0.1,
    "speed": 23.0,
    "life": 25
  },
  "sounds": {
    "fire": "cgm:item.shotgun.fire",
    "reload": "cgm:item.pistol.reload",
    "cock": "cgm:item.pistol.cock",
    "silencedFire": "cgm:item.pistol.silenced_fire",
    "enchantedFire": "cgm:item.pistol.enchanted_fire"
  },
  "display": {
    "flash": {
      "yOffset": 4.0,
      "zOffset": -13.0
    }
  },
    "modules": {
      "zoom": {
        "yOffset": 5.5,
        "zOffset": 2.6,
        "fovModifier": 1.0
      },
      "attachments": {
        "scope": {
          "yOffset": 4.8,
          "zOffset": 4.5,
          "scale": 0.75
        },
        "barrel": {
          "yOffset": 3.6,
          "zOffset": -13.3,
          "scale": 0.60
        },
        "underBarrel": {
          "yOffset": 1.2,
          "zOffset": -7.3
        }
      }
    }}