{
  "general": {
    "rate": 7,
    "auto": true,
    "gripType": "cgm:mini_gun",
    "maxAmmo": 30,
    "recoilAngle": 0.0,
    "recoilKick": 0.0,
    "recoilDurationOffset": 0.25,
    "alwaysSpread": false,
    "spread": 1.0
  },
  "projectile": {
  "item": "cgm:grenade",
  "visible": true,
  "damage": 62.0,
  "size": 0.2,
  "speed": 4.5,
  "life": 100,
  "gravity": true
},
  "sounds": {
    "fire": "cgm:item.shotgun.fire",
    "reload": "cgm:item.pistol.reload"
  },
  "display": {
    "flash": {
      "yOffset": 3.5,
      "zOffset": -18.8,
      "size": 0.75
    }
  }

  }
