{
  "general": {
    "rate": 10,
    "gripType": "cgm:two_handed",
    "maxAmmo": 6,
    "recoilAngle": 8.0,
    "recoilKick": 8.0,
    "recoilDurationOffset": 0.5,
    "recoilAdsReduction": 0.4,
    "alwaysSpread": true,
    "projectileAmount": 9,
    "spread": 14.0
  },
  "projectile": {
    "item": "cgm:shell",
    "damage": 20.0,
    "size": 0.0625,
    "speed": 25.0,
    "life": 30,
    "gravity": true
  },
  "sounds": {
    "fire": "cgm:item.shotgun.fire",
    "reload": "cgm:item.pistol.reload",
    "cock": "cgm:item.heavy_rifle.cock",
    "silencedFire": "cgm:item.heavy_rifle.silenced_fire",
    "enchantedFire": "cgm:item.heavy_rifle.enchanted_fire"
  },
  "display": {
    "flash": {
      "yOffset": 2.9,
      "zOffset": -18.7,
      "size": 1.6
    }
  },
  "modules": {
    "zoom": {
      "yOffset": 5.8,
      "zOffset": 2.5,
      "fovModifier": 0.8
    },
    "attachments": {
      "underBarrel": {
        "yOffset": 2.2,
        "zOffset": -5,
        "scale": 1.1
      },
      "stock": {
        "yOffset": 3.6506,
        "zOffset": 8.4
      }
    }
  }
}