{
  "general": {
    "rate": 9,
    "gripType": "cgm:one_handed",
    "maxAmmo": 8,
    "reloadAmount": 8,
    "recoilAngle": 10.0,
    "recoilKick": 0.8,
    "recoilAdsReduction": 0.5,
    "alwaysSpread": true,
    "spread": 1.0
  },
  "projectile": {
    "item": "cgm:basic_bullet",
    "damage": 7.5,
    "size": 0.0625,
    "speed": 20.0,
    "life": 30,
    "gravity": true
  },
  "sounds": {
    "fire": "scorchedguns:item.pistol.fire",
    "reload": "cgm:item.pistol.reload",
    "cock": "cgm:item.rifle.cock",
    "silencedFire": "cgm:item.rifle.silenced_fire",
    "enchantedFire": "cgm:item.rifle.enchanted_fire"
  },
  "display": {
    "flash": {
      "yOffset": 3.0,
      "zOffset": -1.0,
      "scale": 0.5
    }
  },
  "modules": {
    "zoom": {
      "yOffset": 4.3,
      "zOffset": 2.4,
      "fovModifier": 0.8
    },
    "attachments": {
      "scope": {
        "yOffset": 3.8,
        "zOffset": 4.2,
        "scale": 0.7
      },
      "barrel": {
        "yOffset": 3.6,
        "zOffset": 0.6,
        "scale": 0.25
      }
    }
  }
}