{
  "general": {
    "auto": false,
    "rate": 10,
    "gripType": "cgm:one_handed",
    "maxAmmo": 5,
    "reloadAmount": 1,
    "recoilAngle": 8.0,
    "recoilKick": 9.0,
    "recoilAdsReduction": 0.5,
    "alwaysSpread": false,
    "spread": 6.0
  },
  "projectile": {
    "item": "scorchedguns:rivet",
    "damage": 5,
    "size": 0.2,
    "speed": 3.0,
    "life": 25
  },
  "sounds": {
    "fire": "cgm:item.machine_pistol.fire",
    "reload": "cgm:item.pistol.reload",
    "cock": "cgm:item.pistol.cock",
    "silencedFire": "cgm:item.pistol.silenced_fire",
    "enchantedFire": "cgm:item.pistol.enchanted_fire"
  },
  "display": {

  },
  "modules": {
    "zoom": {
      "yOffset": 5.6,
      "zOffset": 1.3,
      "fovModifier": 0.8
    },
    "attachments": {
      "scope": {
        "yOffset": 4.8,
        "zOffset": 4.5,
        "scale": 0.75
      },
      "barrel": {
        "yOffset": 4.0,
        "zOffset": -4.3,
        "scale": 0.40
      }
      ,
      "stock": {
        "yOffset": 3.6,
        "zOffset": 6.2
      }
    }
  }
}