{
  "general": {
    "rate": 11,
    "gripType": "cgm:two_handed",
    "maxAmmo": 3,
    "recoilAngle": 12.0,
    "recoilKick": 9.0,
    "recoilDurationOffset": 0.5,
    "recoilAdsReduction": 0.4,
    "alwaysSpread": true,
    "projectileAmount": 13,
    "spread": 20.0
  },
  "projectile": {
    "item": "scorchedguns:scorched_shell",
    "damage": 25.0,
    "size": 0.0625,
    "speed": 25.0,
    "life": 30,
    "gravity": true
  },
  "sounds": {
    "fire": "cgm:item.shotgun.fire",
    "reload": "cgm:item.pistol.reload",
    "cock": "cgm:item.heavy_rifle.cock",
    "silencedFire": "cgm:item.heavy_rifle.silenced_fire",
    "enchantedFire": "cgm:item.heavy_rifle.enchanted_fire"
  },
  "display": {
    "flash": {
      "yOffset": 2.6,
      "zOffset": -9.41,
      "size": 1.2
    }
  },
  "modules": {
    "zoom": {
      "yOffset": 4.5,
      "zOffset": 2.5,
      "fovModifier": 0.8
    },
    "attachments": {
      "underBarrel": {
        "yOffset": 1.2,
        "zOffset": 1.8,
        "scale": 0.7
      },
      "stock": {
        "yOffset": 2.8,
        "zOffset": 10.0,
        "scale": 0.75
      }
    }
  }
}