{
  "general": {
    "auto": true,
    "rate": 3,
    "gripType": "cgm:two_handed",
    "maxAmmo": 32,
    "reloadAmount":32,
    "recoilAngle": 5.0,
    "recoilKick": 2.0,
    "recoilAdsReduction": 0.8,
    "alwaysSpread": true,
    "spread": 2.0
  },
  "projectile": {
    "item": "scorchedguns:scorched_big_bullet",
    "damage": 19.0,
    "size": 0.1,
    "speed": 23.0,
    "life": 25
  },
  "sounds": {
    "fire": "cgm:item.rifle.enchanted_fire",
    "reload": "cgm:item.pistol.reload",
    "cock": "cgm:item.pistol.cock",
    "silencedFire": "cgm:item.pistol.silenced_fire",
    "enchantedFire": "cgm:item.pistol.enchanted_fire"
  },
  "display": {
    "flash": {
      "yOffset": 3.6,
      "zOffset": -13.0
    }
  },
    "modules": {
      "zoom": {
        "yOffset": 5.2,
        "zOffset": 2.6,
        "fovModifier": 1.0
      },
      "attachments": {
        "scope": {
          "yOffset": 4.3,
          "zOffset": 4.3,
          "scale": 0.75
        },
        "barrel": {
          "yOffset": 3.8,
          "zOffset": -8.7,
          "scale": 0.40
        },
        "underBarrel": {
          "yOffset": 1.4,
          "zOffset": -1.8,
          "scale": 0.90
        },

        "stock": {
          "yOffset": 3.1506,
          "zOffset": 10.2
        }
      }
    }}