{
  "general": {
    "rate": 5,
    "auto": true,
    "gripType": "cgm:two_handed",
    "maxAmmo": 12,
    "reloadAmount": 12,
    "recoilAngle": 1.0,
    "recoilKick": 1.0,
    "recoilDurationOffset": 0.5,
    "recoilAdsReduction": 0.4

  },
  "projectile": {
    "item": "scorchedguns:scorched_bullet",
    "damage": 17.0,
    "size": 0.0625,
    "speed": 25.0,
    "life": 30,
    "gravity": true
  },
  "sounds": {
    "fire": "cgm:item.pistol.enchanted_fire",
    "reload": "cgm:item.pistol.reload",
    "cock": "cgm:item.heavy_rifle.cock",
    "silencedFire": "cgm:item.heavy_rifle.silenced_fire",
    "enchantedFire": "cgm:item.heavy_rifle.enchanted_fire"
  },
  "display": {
    "flash": {
      "yOffset": 3.6,
      "zOffset": -16.41,
      "size": 0.7
    }
  },
  "modules": {
    "zoom": {
      "yOffset": 4.66,
      "zOffset": 2.0,
      "fovModifier": 1.0
    },
    "attachments": {
      "scope": {
        "yOffset": 4.4,
        "zOffset": 6.0
      },
      "underBarrel": {
        "yOffset": 1.1,
        "zOffset": -4.4
      }
    }
  }
}