{
  "general": {
    "rate": 15,
    "gripType": "cgm:one_handed",
    "maxAmmo": 8,
    "reloadAmount": 1,
    "recoilAngle": 10.0,
    "recoilKick": 0.1,
    "recoilAdsReduction": 0.5,
    "alwaysSpread": true,
    "spread": 1.0
  },
  "projectile": {
    "item": "scorchedguns:simple_bullet",
    "damage": 6.0,
    "size": 0.0625,
    "speed": 20.0,
    "life": 30,
    "gravity": true
  },
  "sounds": {
    "fire": "scorchedguns:item.pistol.fire",
    "reload": "cgm:item.pistol.reload",
    "cock": "cgm:item.rifle.cock",
    "silencedFire": "scorchedguns:item.pistol.supressed",
    "enchantedFire": "cgm:item.rifle.enchanted_fire"
  },
  "display": {
    "flash": {
      "yOffset": 3.0,
      "zOffset": -2.0
    }
  },
  "modules": {
    "zoom": {
      "yOffset": 4.5,
      "zOffset": -1.0,
      "fovModifier": 0.7
    },
    "attachments": {
      "scope": {
        "yOffset": 3.7,
        "zOffset": 6.0,
        "scale": 0.75
      },
      "barrel": {
        "yOffset": 3.3,
        "zOffset": 2.65,
        "scale": 0.3
      }
    }
  }
}