{
  "general": {
    "rate": 3,
    "auto": true,
    "gripType": "cgm:two_handed",
    "maxAmmo": 14,
    "reloadAmount": 14,
    "recoilAngle": 10.0,
    "recoilKick": 3.0,
    "recoilAdsReduction": 0.5,
    "alwaysSpread": true,
    "spread": 4.0
  },
  "projectile": {
    "item": "cgm:basic_bullet",
    "damage": 8.0,
    "size": 0.0625,
    "speed": 20.0,
    "life": 30,
    "gravity": true
  },
  "sounds": {
    "fire": "scorchedguns:item.pistol.fire",
    "reload": "cgm:item.pistol.reload",
    "cock": "cgm:item.rifle.cock",
    "silencedFire": "cgm:item.rifle.silenced_fire",
    "enchantedFire": "cgm:item.rifle.enchanted_fire"
  },
  "display": {
    "flash": {
      "yOffset": 4.8,
      "zOffset": -8.31
    }
  },
  "modules": {
    "zoom": {
      "yOffset": 6.1,
      "zOffset": 1.7,
      "fovModifier": 0.7
    },
    "attachments": {
      "scope": {
        "yOffset": 5.3,
        "zOffset": 3.5,
        "scale": 0.8
      },
      "stock": {
        "yOffset": 5.0,
        "zOffset": 9.0,
        "scale": 0.8
      },
      "barrel": {
        "yOffset": 5.2,
        "zOffset": -7.3,
        "scale": 0.24
      }
    }
  }
}