{
  "general": {
    "rate": 11,
    "gripType": "cgm:two_handed",
    "maxAmmo": 12,
    "reloadAmount": 12,
    "recoilAngle": 6.0,
    "recoilKick": 5.0,
    "recoilDurationOffset": 0.5,
    "recoilAdsReduction": 0.4,
    "alwaysSpread": true,
    "projectileAmount": 16,
    "spread": 19.0
  },
  "projectile": {
    "item": "scorchedguns:quartz_shell",
    "damage": 22.0,
    "size": 0.0625,
    "speed": 25.0,
    "life": 30,
    "gravity": true
  },
  "sounds": {
    "fire": "scorchedguns:item.shotgun.fire",
    "reload": "cgm:item.pistol.reload",
    "cock": "cgm:item.heavy_rifle.cock",
    "silencedFire": "cgm:item.heavy_rifle.silenced_fire",
    "enchantedFire": "cgm:item.heavy_rifle.enchanted_fire"
  },
  "display": {
    "flash": {
      "yOffset": 3.6,
      "zOffset": -8.41,
      "size": 1.4
    }
  },
  "modules": {
    "zoom": {
      "yOffset": 5.35,
      "zOffset": 1.3,
      "fovModifier": 0.8
    },
    "attachments": {
      "scope": {
        "yOffset": 5.0,
        "zOffset": 5.5,
        "scale": 0.8
      },
      "barrel": {
        "yOffset": 4.35,
        "zOffset": -3.4,
        "scale": 0.3
      },
      "stock": {
        "yOffset": 4.0,
        "zOffset": 11.0,
        "scale": 0.9
      }
    }
  }
}