{
  "general": {
    "rate": 2,
    "auto": true,
    "gripType": "cgm:two_handed",
    "maxAmmo": 26,
    "reloadAmount": 26,
    "recoilAngle": 2.0,
    "recoilKick": 1.0,
    "recoilAdsReduction": 0.6,
    "alwaysSpread": true,
    "spread": 2.0
  },
  "projectile": {
    "item": "scorchedguns:pig_round",
    "damage": 14.0,
    "size": 0.00625,
    "speed": 100.0,
    "life": 60,
    "gravity": true
  },
  "sounds": {
    "fire": "scorchedguns:item.pistol.fire",
    "reload": "cgm:item.pistol.reload",
    "cock": "cgm:item.rifle.cock",
    "silencedFire": "cgm:item.rifle.silenced_fire",
    "enchantedFire": "cgm:item.rifle.enchanted_fire"
  },
  "display": {
    "flash": {
      "yOffset": 4.2,
      "zOffset": -6.3
    }
  },
  "modules": {
    "zoom": {
      "yOffset": 5.4,
      "zOffset": 1.8,
      "fovModifier": 0.8
    },
    "attachments": {
      "scope": {
        "yOffset": 4.8,
        "zOffset": 5.5,
        "scale": 0.8
      },
      "underBarrel": {
        "yOffset": 2.5,
        "zOffset": 5.0,
        "scale": 0.6
      },
      "barrel": {
        "yOffset": 4.35,
        "zOffset": -3.2,
        "scale": 0.3
      }
    }
  }
}