{
  "general": {
    "auto": true,
    "rate": 4,
    "gripType": "cgm:mini_gun",
    "maxAmmo": 15,
    "reloadAmount": 15,
    "recoilAngle": 4.0,
    "alwaysSpread": true,
    "projectileAmount": 1,
    "spread": 2.0
  },
  "projectile": {
    "item": "scorchedguns:shotbolt",
    "damage": 10.0,
    "size": 0.0625,
    "speed": 4.0,
    "life": 30,
    "gravity": true
  },
  "sounds": {
    "fire": "cgm:item.machine_pistol.fire",
    "reload": "cgm:item.pistol.reload",
    "enchantedFire": "cgm:item.mini_gun.enchanted_fire"
  },
  "display": {

  }
}