{
  "general": {
    "rate": 13,
    "gripType": "cgm:one_handed",
    "maxAmmo": 6,
    "reloadAmount": 1,
    "recoilAngle": 10.0,
    "recoilKick": 1.2,
    "recoilAdsReduction": 0.5,
    "alwaysSpread": true,
    "spread": 1.0
  },
  "projectile": {
    "item": "cgm:basic_bullet",
    "damage": 11.0,
    "size": 0.0625,
    "speed": 20.0,
    "life": 30,
    "gravity": true
  },
  "sounds": {
    "fire": "scorchedguns:item.magnum.fire",
    "reload": "cgm:item.pistol.reload",
    "cock": "cgm:item.rifle.cock",
    "silencedFire": "cgm:item.rifle.silenced_fire",
    "enchantedFire": "cgm:item.rifle.enchanted_fire"
  },
  "display": {
    "flash": {
      "yOffset": 3.0,
      "zOffset": -0.3,
      "scale": 0.5
    }
  },
  "modules": {
    "zoom": {
      "yOffset": 4.3,
      "zOffset": 2.4,
      "fovModifier": 0.8
    },
    "attachments": {
      "scope": {
        "yOffset": 4.0,
        "zOffset": 4.5,
        "scale": 0.5
      }
    }
  }
}